rank,uid,title,year,venue,url,problem_claimed,actual_mechanism,hidden_assumptions,variables_treated_as_fixed,failure_modes_ignored,what_it_makes_less_novel,what_it_leaves_open
1,arxiv:2605.03452v1,BifrostUMI: Bridging Robot-Free Demonstrations and Humanoid Whole-Body Manipulation,2026,arXiv,http://arxiv.org/abs/2605.03452v1,Addresses humanoid whole-body manipulation or a neighboring robotics mechanism.,"Prior work usually predicts, ranks, filters, or imitates observed behavior rather than preserving unrealized branches.",The observed outcome is enough to supervise the model.,"Contact mode support, embodiment limits, and deployment perturbations.","Branch collapse, hidden-mode shift, and tail-risk planning failures.",Generic world models and generic uncertainty are crowded.,Humanoid whole body affordance debt keeps action-critical alternatives explicit until a physical observation collapses them.
2,doi:10.1109/icra.2015.7139995,Whole-body pushing manipulation with contact posture planning of large and heavy object for humanoid robot,2015,2015 IEEE International Conference on Robotics and Automation (ICRA),https://doi.org/10.1109/icra.2015.7139995,Addresses humanoid whole-body manipulation or a neighboring robotics mechanism.,"Prior work usually predicts, ranks, filters, or imitates observed behavior rather than preserving unrealized branches.",The observed outcome is enough to supervise the model.,"Contact mode support, embodiment limits, and deployment perturbations.","Branch collapse, hidden-mode shift, and tail-risk planning failures.",Generic world models and generic uncertainty are crowded.,Humanoid whole body affordance debt keeps action-critical alternatives explicit until a physical observation collapses them.
3,arxiv:2602.06643v2,Humanoid Manipulation Interface: Humanoid Whole-Body Manipulation from Robot-Free Demonstrations,2026,arXiv,http://arxiv.org/abs/2602.06643v2,Addresses humanoid whole-body manipulation or a neighboring robotics mechanism.,"Prior work usually predicts, ranks, filters, or imitates observed behavior rather than preserving unrealized branches.",The observed outcome is enough to supervise the model.,"Contact mode support, embodiment limits, and deployment perturbations.","Branch collapse, hidden-mode shift, and tail-risk planning failures.",Generic world models and generic uncertainty are crowded.,Humanoid whole body affordance debt keeps action-critical alternatives explicit until a physical observation collapses them.
4,arxiv:2603.03279v1,ULTRA: Unified Multimodal Control for Autonomous Humanoid Whole-Body Loco-Manipulation,2026,arXiv,http://arxiv.org/abs/2603.03279v1,Addresses humanoid whole-body manipulation or a neighboring robotics mechanism.,"Prior work usually predicts, ranks, filters, or imitates observed behavior rather than preserving unrealized branches.",The observed outcome is enough to supervise the model.,"Contact mode support, embodiment limits, and deployment perturbations.","Branch collapse, hidden-mode shift, and tail-risk planning failures.",Generic world models and generic uncertainty are crowded.,Humanoid whole body affordance debt keeps action-critical alternatives explicit until a physical observation collapses them.
5,arxiv:2508.16943v2,LHM-Humanoid: Learning a Unified Policy for Long-Horizon Humanoid Whole-Body Loco-Manipulation in Diverse Messy Environments,2025,arXiv,http://arxiv.org/abs/2508.16943v2,Addresses humanoid whole-body manipulation or a neighboring robotics mechanism.,"Prior work usually predicts, ranks, filters, or imitates observed behavior rather than preserving unrealized branches.",The observed outcome is enough to supervise the model.,"Contact mode support, embodiment limits, and deployment perturbations.","Branch collapse, hidden-mode shift, and tail-risk planning failures.",Generic world models and generic uncertainty are crowded.,Humanoid whole body affordance debt keeps action-critical alternatives explicit until a physical observation collapses them.
6,arxiv:2501.02116v2,"Humanoid Locomotion and Manipulation: Current Progress and Challenges in Control, Planning, and Learning",2025,arXiv,http://arxiv.org/abs/2501.02116v2,Addresses humanoid whole-body manipulation or a neighboring robotics mechanism.,"Prior work usually predicts, ranks, filters, or imitates observed behavior rather than preserving unrealized branches.",The observed outcome is enough to supervise the model.,"Contact mode support, embodiment limits, and deployment perturbations.","Branch collapse, hidden-mode shift, and tail-risk planning failures.",Generic world models and generic uncertainty are crowded.,Humanoid whole body affordance debt keeps action-critical alternatives explicit until a physical observation collapses them.
7,arxiv:2409.20514v6,Opt2Skill: Imitating Dynamically-feasible Whole-Body Trajectories for Versatile Humanoid Loco-Manipulation,2024,arXiv,http://arxiv.org/abs/2409.20514v6,Addresses humanoid whole-body manipulation or a neighboring robotics mechanism.,"Prior work usually predicts, ranks, filters, or imitates observed behavior rather than preserving unrealized branches.",The observed outcome is enough to supervise the model.,"Contact mode support, embodiment limits, and deployment perturbations.","Branch collapse, hidden-mode shift, and tail-risk planning failures.",Generic world models and generic uncertainty are crowded.,Humanoid whole body affordance debt keeps action-critical alternatives explicit until a physical observation collapses them.
8,arxiv:2509.11839v3,TrajBooster: Boosting Humanoid Whole-Body Manipulation via Trajectory-Centric Learning,2025,arXiv,http://arxiv.org/abs/2509.11839v3,Addresses humanoid whole-body manipulation or a neighboring robotics mechanism.,"Prior work usually predicts, ranks, filters, or imitates observed behavior rather than preserving unrealized branches.",The observed outcome is enough to supervise the model.,"Contact mode support, embodiment limits, and deployment perturbations.","Branch collapse, hidden-mode shift, and tail-risk planning failures.",Generic world models and generic uncertainty are crowded.,Humanoid whole body affordance debt keeps action-critical alternatives explicit until a physical observation collapses them.
9,arxiv:2605.21133v1,Humanoid Whole-Body Manipulation via Active Spatial Brain and Generalizable Action Cerebellum,2026,arXiv,http://arxiv.org/abs/2605.21133v1,Addresses humanoid whole-body manipulation or a neighboring robotics mechanism.,"Prior work usually predicts, ranks, filters, or imitates observed behavior rather than preserving unrealized branches.",The observed outcome is enough to supervise the model.,"Contact mode support, embodiment limits, and deployment perturbations.","Branch collapse, hidden-mode shift, and tail-risk planning failures.",Generic world models and generic uncertainty are crowded.,Humanoid whole body affordance debt keeps action-critical alternatives explicit until a physical observation collapses them.
10,arxiv:2510.03022v1,HumanoidExo: Scalable Whole-Body Humanoid Manipulation via Wearable Exoskeleton,2025,arXiv,http://arxiv.org/abs/2510.03022v1,Addresses humanoid whole-body manipulation or a neighboring robotics mechanism.,"Prior work usually predicts, ranks, filters, or imitates observed behavior rather than preserving unrealized branches.",The observed outcome is enough to supervise the model.,"Contact mode support, embodiment limits, and deployment perturbations.","Branch collapse, hidden-mode shift, and tail-risk planning failures.",Generic world models and generic uncertainty are crowded.,Humanoid whole body affordance debt keeps action-critical alternatives explicit until a physical observation collapses them.
11,arxiv:2509.13534v1,Embracing Bulky Objects with Humanoid Robots: Whole-Body Manipulation with Reinforcement Learning,2025,arXiv,http://arxiv.org/abs/2509.13534v1,Addresses humanoid whole-body manipulation or a neighboring robotics mechanism.,"Prior work usually predicts, ranks, filters, or imitates observed behavior rather than preserving unrealized branches.",The observed outcome is enough to supervise the model.,"Contact mode support, embodiment limits, and deployment perturbations.","Branch collapse, hidden-mode shift, and tail-risk planning failures.",Generic world models and generic uncertainty are crowded.,Humanoid whole body affordance debt keeps action-critical alternatives explicit until a physical observation collapses them.
12,arxiv:2506.09366v1,SkillBlender: Towards Versatile Humanoid Whole-Body Loco-Manipulation via Skill Blending,2025,arXiv,http://arxiv.org/abs/2506.09366v1,Addresses humanoid whole-body manipulation or a neighboring robotics mechanism.,"Prior work usually predicts, ranks, filters, or imitates observed behavior rather than preserving unrealized branches.",The observed outcome is enough to supervise the model.,"Contact mode support, embodiment limits, and deployment perturbations.","Branch collapse, hidden-mode shift, and tail-risk planning failures.",Generic world models and generic uncertainty are crowded.,Humanoid whole body affordance debt keeps action-critical alternatives explicit until a physical observation collapses them.
13,doi:10.1109/lra.2021.3095318,Self-Body Image Acquisition and Posture Generation with Redundancy using Musculoskeletal Humanoid Shoulder Complex for Object Manipulation,2024,arXiv,http://arxiv.org/abs/2411.06320v1,Addresses humanoid whole-body manipulation or a neighboring robotics mechanism.,"Prior work usually predicts, ranks, filters, or imitates observed behavior rather than preserving unrealized branches.",The observed outcome is enough to supervise the model.,"Contact mode support, embodiment limits, and deployment perturbations.","Branch collapse, hidden-mode shift, and tail-risk planning failures.",Generic world models and generic uncertainty are crowded.,Humanoid whole body affordance debt keeps action-critical alternatives explicit until a physical observation collapses them.
14,arxiv:2502.17219v2,Humanoid Whole-Body Locomotion on Narrow Terrain via Dynamic Balance and Reinforcement Learning,2025,arXiv,http://arxiv.org/abs/2502.17219v2,Addresses humanoid whole-body manipulation or a neighboring robotics mechanism.,"Prior work usually predicts, ranks, filters, or imitates observed behavior rather than preserving unrealized branches.",The observed outcome is enough to supervise the model.,"Contact mode support, embodiment limits, and deployment perturbations.","Branch collapse, hidden-mode shift, and tail-risk planning failures.",Generic world models and generic uncertainty are crowded.,Humanoid whole body affordance debt keeps action-critical alternatives explicit until a physical observation collapses them.
15,arxiv:2604.07993v2,HEX: Humanoid-Aligned Experts for Cross-Embodiment Whole-Body Manipulation,2026,arXiv,http://arxiv.org/abs/2604.07993v2,Addresses humanoid whole-body manipulation or a neighboring robotics mechanism.,"Prior work usually predicts, ranks, filters, or imitates observed behavior rather than preserving unrealized branches.",The observed outcome is enough to supervise the model.,"Contact mode support, embodiment limits, and deployment perturbations.","Branch collapse, hidden-mode shift, and tail-risk planning failures.",Generic world models and generic uncertainty are crowded.,Humanoid whole body affordance debt keeps action-critical alternatives explicit until a physical observation collapses them.
16,arxiv:2510.05070v2,ResMimic: From General Motion Tracking to Humanoid Whole-body Loco-Manipulation via Residual Learning,2025,arXiv,http://arxiv.org/abs/2510.05070v2,Addresses humanoid whole-body manipulation or a neighboring robotics mechanism.,"Prior work usually predicts, ranks, filters, or imitates observed behavior rather than preserving unrealized branches.",The observed outcome is enough to supervise the model.,"Contact mode support, embodiment limits, and deployment perturbations.","Branch collapse, hidden-mode shift, and tail-risk planning failures.",Generic world models and generic uncertainty are crowded.,Humanoid whole body affordance debt keeps action-critical alternatives explicit until a physical observation collapses them.
17,arxiv:2502.03206v3,A Unified and General Humanoid Whole-Body Controller for Versatile Locomotion,2025,arXiv,http://arxiv.org/abs/2502.03206v3,Addresses humanoid whole-body manipulation or a neighboring robotics mechanism.,"Prior work usually predicts, ranks, filters, or imitates observed behavior rather than preserving unrealized branches.",The observed outcome is enough to supervise the model.,"Contact mode support, embodiment limits, and deployment perturbations.","Branch collapse, hidden-mode shift, and tail-risk planning failures.",Generic world models and generic uncertainty are crowded.,Humanoid whole body affordance debt keeps action-critical alternatives explicit until a physical observation collapses them.
18,arxiv:2506.22827v3,Hierarchical Vision-Language Planning for Multi-Step Humanoid Manipulation,2025,arXiv,http://arxiv.org/abs/2506.22827v3,Addresses humanoid whole-body manipulation or a neighboring robotics mechanism.,"Prior work usually predicts, ranks, filters, or imitates observed behavior rather than preserving unrealized branches.",The observed outcome is enough to supervise the model.,"Contact mode support, embodiment limits, and deployment perturbations.","Branch collapse, hidden-mode shift, and tail-risk planning failures.",Generic world models and generic uncertainty are crowded.,Humanoid whole body affordance debt keeps action-critical alternatives explicit until a physical observation collapses them.
19,doi:10.3390/app8102005,Real-Time Whole-Body Imitation by Humanoid Robots and Task-Oriented Teleoperation Using an Analytical Mapping Method and Quantitative Evaluation,2018,Applied Sciences,https://doi.org/10.3390/app8102005,Addresses humanoid whole-body manipulation or a neighboring robotics mechanism.,"Prior work usually predicts, ranks, filters, or imitates observed behavior rather than preserving unrealized branches.",The observed outcome is enough to supervise the model.,"Contact mode support, embodiment limits, and deployment perturbations.","Branch collapse, hidden-mode shift, and tail-risk planning failures.",Generic world models and generic uncertainty are crowded.,Humanoid whole body affordance debt keeps action-critical alternatives explicit until a physical observation collapses them.
20,doi:10.15607/rss.2024.xx.061,HumanoidBench: Simulated Humanoid Benchmark for Whole-Body Locomotion and Manipulation,2024,Robotics: Science and Systems XX,https://doi.org/10.15607/rss.2024.xx.061,Addresses humanoid whole-body manipulation or a neighboring robotics mechanism.,"Prior work usually predicts, ranks, filters, or imitates observed behavior rather than preserving unrealized branches.",The observed outcome is enough to supervise the model.,"Contact mode support, embodiment limits, and deployment perturbations.","Branch collapse, hidden-mode shift, and tail-risk planning failures.",Generic world models and generic uncertainty are crowded.,Humanoid whole body affordance debt keeps action-critical alternatives explicit until a physical observation collapses them.
21,arxiv:2403.10506v2,HumanoidBench: Simulated Humanoid Benchmark for Whole-Body Locomotion and Manipulation,2024,arXiv,http://arxiv.org/abs/2403.10506v2,Addresses humanoid whole-body manipulation or a neighboring robotics mechanism.,"Prior work usually predicts, ranks, filters, or imitates observed behavior rather than preserving unrealized branches.",The observed outcome is enough to supervise the model.,"Contact mode support, embodiment limits, and deployment perturbations.","Branch collapse, hidden-mode shift, and tail-risk planning failures.",Generic world models and generic uncertainty are crowded.,Humanoid whole body affordance debt keeps action-critical alternatives explicit until a physical observation collapses them.
22,arxiv:2603.14327v1,"OmniClone: Engineering a Robust, All-Rounder Whole-Body Humanoid Teleoperation System",2026,arXiv,http://arxiv.org/abs/2603.14327v1,Addresses humanoid whole-body manipulation or a neighboring robotics mechanism.,"Prior work usually predicts, ranks, filters, or imitates observed behavior rather than preserving unrealized branches.",The observed outcome is enough to supervise the model.,"Contact mode support, embodiment limits, and deployment perturbations.","Branch collapse, hidden-mode shift, and tail-risk planning failures.",Generic world models and generic uncertainty are crowded.,Humanoid whole body affordance debt keeps action-critical alternatives explicit until a physical observation collapses them.
23,arxiv:2506.12779v3,From Experts to a Generalist: Toward General Whole-Body Control for Humanoid Robots,2025,arXiv,http://arxiv.org/abs/2506.12779v3,Addresses humanoid whole-body manipulation or a neighboring robotics mechanism.,"Prior work usually predicts, ranks, filters, or imitates observed behavior rather than preserving unrealized branches.",The observed outcome is enough to supervise the model.,"Contact mode support, embodiment limits, and deployment perturbations.","Branch collapse, hidden-mode shift, and tail-risk planning failures.",Generic world models and generic uncertainty are crowded.,Humanoid whole body affordance debt keeps action-critical alternatives explicit until a physical observation collapses them.
24,arxiv:2602.11929v1,General Humanoid Whole-Body Control via Pretraining and Fast Adaptation,2026,arXiv,http://arxiv.org/abs/2602.11929v1,Addresses humanoid whole-body manipulation or a neighboring robotics mechanism.,"Prior work usually predicts, ranks, filters, or imitates observed behavior rather than preserving unrealized branches.",The observed outcome is enough to supervise the model.,"Contact mode support, embodiment limits, and deployment perturbations.","Branch collapse, hidden-mode shift, and tail-risk planning failures.",Generic world models and generic uncertainty are crowded.,Humanoid whole body affordance debt keeps action-critical alternatives explicit until a physical observation collapses them.
25,doi:10.7454/oemji.v2i2.1073,Evidence-Based Case Report: Combined Exposure Whole Body Vibration and Noise in Worker’s Hearing Loss,2024,e-Occupational and Environmental Medicine Journal of Indonesia,https://doi.org/10.7454/oemji.v2i2.1073,Addresses humanoid whole-body manipulation or a neighboring robotics mechanism.,"Prior work usually predicts, ranks, filters, or imitates observed behavior rather than preserving unrealized branches.",The observed outcome is enough to supervise the model.,"Contact mode support, embodiment limits, and deployment perturbations.","Branch collapse, hidden-mode shift, and tail-risk planning failures.",Generic world models and generic uncertainty are crowded.,Humanoid whole body affordance debt keeps action-critical alternatives explicit until a physical observation collapses them.
26,arxiv:2606.03297v1,SplitAdapter: Load-Aware Humanoid Loco-Manipulation via Factorized Adaptation,2026,arXiv,http://arxiv.org/abs/2606.03297v1,Addresses humanoid whole-body manipulation or a neighboring robotics mechanism.,"Prior work usually predicts, ranks, filters, or imitates observed behavior rather than preserving unrealized branches.",The observed outcome is enough to supervise the model.,"Contact mode support, embodiment limits, and deployment perturbations.","Branch collapse, hidden-mode shift, and tail-risk planning failures.",Generic world models and generic uncertainty are crowded.,Humanoid whole body affordance debt keeps action-critical alternatives explicit until a physical observation collapses them.
27,doi:10.1109/humanoids.2018.8624917,Whole-Body Posture Evaluation and Modification for Crane-Less Servo-Off Operation of Life-Sized Humanoid Robot,2018,2018 IEEE-RAS 18th International Conference on Humanoid Robots (Humanoids),https://doi.org/10.1109/humanoids.2018.8624917,Addresses humanoid whole-body manipulation or a neighboring robotics mechanism.,"Prior work usually predicts, ranks, filters, or imitates observed behavior rather than preserving unrealized branches.",The observed outcome is enough to supervise the model.,"Contact mode support, embodiment limits, and deployment perturbations.","Branch collapse, hidden-mode shift, and tail-risk planning failures.",Generic world models and generic uncertainty are crowded.,Humanoid whole body affordance debt keeps action-critical alternatives explicit until a physical observation collapses them.
28,arxiv:2603.10675v1,Cybo-Waiter: A Physical Agentic Framework for Humanoid Whole-Body Locomotion-Manipulation,2026,arXiv,http://arxiv.org/abs/2603.10675v1,Addresses humanoid whole-body manipulation or a neighboring robotics mechanism.,"Prior work usually predicts, ranks, filters, or imitates observed behavior rather than preserving unrealized branches.",The observed outcome is enough to supervise the model.,"Contact mode support, embodiment limits, and deployment perturbations.","Branch collapse, hidden-mode shift, and tail-risk planning failures.",Generic world models and generic uncertainty are crowded.,Humanoid whole body affordance debt keeps action-critical alternatives explicit until a physical observation collapses them.
29,arxiv:2505.19463v1,SMAP: Self-supervised Motion Adaptation for Physically Plausible Humanoid Whole-body Control,2025,arXiv,http://arxiv.org/abs/2505.19463v1,Addresses humanoid whole-body manipulation or a neighboring robotics mechanism.,"Prior work usually predicts, ranks, filters, or imitates observed behavior rather than preserving unrealized branches.",The observed outcome is enough to supervise the model.,"Contact mode support, embodiment limits, and deployment perturbations.","Branch collapse, hidden-mode shift, and tail-risk planning failures.",Generic world models and generic uncertainty are crowded.,Humanoid whole body affordance debt keeps action-critical alternatives explicit until a physical observation collapses them.
30,arxiv:2506.08931v2,CLONE: Closed-Loop Whole-Body Humanoid Teleoperation for Long-Horizon Tasks,2025,arXiv,http://arxiv.org/abs/2506.08931v2,Addresses humanoid whole-body manipulation or a neighboring robotics mechanism.,"Prior work usually predicts, ranks, filters, or imitates observed behavior rather than preserving unrealized branches.",The observed outcome is enough to supervise the model.,"Contact mode support, embodiment limits, and deployment perturbations.","Branch collapse, hidden-mode shift, and tail-risk planning failures.",Generic world models and generic uncertainty are crowded.,Humanoid whole body affordance debt keeps action-critical alternatives explicit until a physical observation collapses them.
31,arxiv:2511.07820v3,SONIC: Supersizing Motion Tracking for Natural Humanoid Whole-Body Control,2025,arXiv,http://arxiv.org/abs/2511.07820v3,Addresses humanoid whole-body manipulation or a neighboring robotics mechanism.,"Prior work usually predicts, ranks, filters, or imitates observed behavior rather than preserving unrealized branches.",The observed outcome is enough to supervise the model.,"Contact mode support, embodiment limits, and deployment perturbations.","Branch collapse, hidden-mode shift, and tail-risk planning failures.",Generic world models and generic uncertainty are crowded.,Humanoid whole body affordance debt keeps action-critical alternatives explicit until a physical observation collapses them.
32,arxiv:2602.02960v2,Embodiment-Aware Generalist Specialist Distillation for Unified Humanoid Whole-Body Control,2026,arXiv,http://arxiv.org/abs/2602.02960v2,Addresses humanoid whole-body manipulation or a neighboring robotics mechanism.,"Prior work usually predicts, ranks, filters, or imitates observed behavior rather than preserving unrealized branches.",The observed outcome is enough to supervise the model.,"Contact mode support, embodiment limits, and deployment perturbations.","Branch collapse, hidden-mode shift, and tail-risk planning failures.",Generic world models and generic uncertainty are crowded.,Humanoid whole body affordance debt keeps action-critical alternatives explicit until a physical observation collapses them.
33,arxiv:2506.14278v2,Whole-Body Control Framework for Humanoid Robots with Heavy Limbs: A Model-Based Approach,2025,arXiv,http://arxiv.org/abs/2506.14278v2,Addresses humanoid whole-body manipulation or a neighboring robotics mechanism.,"Prior work usually predicts, ranks, filters, or imitates observed behavior rather than preserving unrealized branches.",The observed outcome is enough to supervise the model.,"Contact mode support, embodiment limits, and deployment perturbations.","Branch collapse, hidden-mode shift, and tail-risk planning failures.",Generic world models and generic uncertainty are crowded.,Humanoid whole body affordance debt keeps action-critical alternatives explicit until a physical observation collapses them.
34,doi:10.1109/icra.2018.8461087,Affordance-Based Multi-Contact Whole-Body Pose Sequence Planning for Humanoid Robots in Unknown Environments,2018,2018 IEEE International Conference on Robotics and Automation (ICRA),https://doi.org/10.1109/icra.2018.8461087,Addresses humanoid whole-body manipulation or a neighboring robotics mechanism.,"Prior work usually predicts, ranks, filters, or imitates observed behavior rather than preserving unrealized branches.",The observed outcome is enough to supervise the model.,"Contact mode support, embodiment limits, and deployment perturbations.","Branch collapse, hidden-mode shift, and tail-risk planning failures.",Generic world models and generic uncertainty are crowded.,Humanoid whole body affordance debt keeps action-critical alternatives explicit until a physical observation collapses them.
35,doi:10.1080/0886022x.2024.2336128,Adenine-induced animal model of chronic kidney disease: current applications and future perspectives,2024,Renal Failure,https://doi.org/10.1080/0886022x.2024.2336128,Addresses humanoid whole-body manipulation or a neighboring robotics mechanism.,"Prior work usually predicts, ranks, filters, or imitates observed behavior rather than preserving unrealized branches.",The observed outcome is enough to supervise the model.,"Contact mode support, embodiment limits, and deployment perturbations.","Branch collapse, hidden-mode shift, and tail-risk planning failures.",Generic world models and generic uncertainty are crowded.,Humanoid whole body affordance debt keeps action-critical alternatives explicit until a physical observation collapses them.
36,doi:10.3390/app8020278,Bio-Inspired Optimal Control Framework to Generate Walking Motions for the Humanoid Robot iCub Using Whole Body Models,2018,Applied Sciences,https://doi.org/10.3390/app8020278,Addresses humanoid whole-body manipulation or a neighboring robotics mechanism.,"Prior work usually predicts, ranks, filters, or imitates observed behavior rather than preserving unrealized branches.",The observed outcome is enough to supervise the model.,"Contact mode support, embodiment limits, and deployment perturbations.","Branch collapse, hidden-mode shift, and tail-risk planning failures.",Generic world models and generic uncertainty are crowded.,Humanoid whole body affordance debt keeps action-critical alternatives explicit until a physical observation collapses them.
37,arxiv:2604.12509v1,Whole-Body Mobile Manipulation using Offline Reinforcement Learning on Sub-optimal Controllers,2026,arXiv,http://arxiv.org/abs/2604.12509v1,Addresses humanoid whole-body manipulation or a neighboring robotics mechanism.,"Prior work usually predicts, ranks, filters, or imitates observed behavior rather than preserving unrealized branches.",The observed outcome is enough to supervise the model.,"Contact mode support, embodiment limits, and deployment perturbations.","Branch collapse, hidden-mode shift, and tail-risk planning failures.",Generic world models and generic uncertainty are crowded.,Humanoid whole body affordance debt keeps action-critical alternatives explicit until a physical observation collapses them.
38,arxiv:2506.13751v3,LeVERB: Humanoid Whole-Body Control with Latent Vision-Language Instruction,2025,arXiv,http://arxiv.org/abs/2506.13751v3,Addresses humanoid whole-body manipulation or a neighboring robotics mechanism.,"Prior work usually predicts, ranks, filters, or imitates observed behavior rather than preserving unrealized branches.",The observed outcome is enough to supervise the model.,"Contact mode support, embodiment limits, and deployment perturbations.","Branch collapse, hidden-mode shift, and tail-risk planning failures.",Generic world models and generic uncertainty are crowded.,Humanoid whole body affordance debt keeps action-critical alternatives explicit until a physical observation collapses them.
39,arxiv:2507.07356v3,UniTracker: Learning Universal Whole-Body Motion Tracker for Humanoid Robots,2025,arXiv,http://arxiv.org/abs/2507.07356v3,Addresses humanoid whole-body manipulation or a neighboring robotics mechanism.,"Prior work usually predicts, ranks, filters, or imitates observed behavior rather than preserving unrealized branches.",The observed outcome is enough to supervise the model.,"Contact mode support, embodiment limits, and deployment perturbations.","Branch collapse, hidden-mode shift, and tail-risk planning failures.",Generic world models and generic uncertainty are crowded.,Humanoid whole body affordance debt keeps action-critical alternatives explicit until a physical observation collapses them.
40,doi:10.1109/lra.2023.3334677,Dynamic Mobile Manipulation via Whole-Body Bilateral Teleoperation of a Wheeled Humanoid,2024,IEEE Robotics and Automation Letters,https://doi.org/10.1109/lra.2023.3334677,Addresses humanoid whole-body manipulation or a neighboring robotics mechanism.,"Prior work usually predicts, ranks, filters, or imitates observed behavior rather than preserving unrealized branches.",The observed outcome is enough to supervise the model.,"Contact mode support, embodiment limits, and deployment perturbations.","Branch collapse, hidden-mode shift, and tail-risk planning failures.",Generic world models and generic uncertainty are crowded.,Humanoid whole body affordance debt keeps action-critical alternatives explicit until a physical observation collapses them.
41,doi:10.1109/lra.2025.3620620,Opt2Skill: Imitating Dynamically-Feasible Whole-Body Trajectories for Versatile Humanoid Loco-Manipulation,2025,IEEE Robotics and Automation Letters,https://doi.org/10.1109/lra.2025.3620620,Addresses humanoid whole-body manipulation or a neighboring robotics mechanism.,"Prior work usually predicts, ranks, filters, or imitates observed behavior rather than preserving unrealized branches.",The observed outcome is enough to supervise the model.,"Contact mode support, embodiment limits, and deployment perturbations.","Branch collapse, hidden-mode shift, and tail-risk planning failures.",Generic world models and generic uncertainty are crowded.,Humanoid whole body affordance debt keeps action-critical alternatives explicit until a physical observation collapses them.
42,arxiv:2307.01350v1,Dynamic Mobile Manipulation via Whole-Body Bilateral Teleoperation of a Wheeled Humanoid,2023,arXiv,http://arxiv.org/abs/2307.01350v1,Addresses humanoid whole-body manipulation or a neighboring robotics mechanism.,"Prior work usually predicts, ranks, filters, or imitates observed behavior rather than preserving unrealized branches.",The observed outcome is enough to supervise the model.,"Contact mode support, embodiment limits, and deployment perturbations.","Branch collapse, hidden-mode shift, and tail-risk planning failures.",Generic world models and generic uncertainty are crowded.,Humanoid whole body affordance debt keeps action-critical alternatives explicit until a physical observation collapses them.
43,doi:10.1299/jsmermd.2021.1a1-d07,Actual Machine Learning of Self-Body Image for Object Manipulation and Posture Generation with Redundancy in Musculoskeletal Humanoid Shoulder Complex,2021,The Proceedings of JSME annual Conference on Robotics and Mechatronics (Robomec),https://doi.org/10.1299/jsmermd.2021.1a1-d07,Addresses humanoid whole-body manipulation or a neighboring robotics mechanism.,"Prior work usually predicts, ranks, filters, or imitates observed behavior rather than preserving unrealized branches.",The observed outcome is enough to supervise the model.,"Contact mode support, embodiment limits, and deployment perturbations.","Branch collapse, hidden-mode shift, and tail-risk planning failures.",Generic world models and generic uncertainty are crowded.,Humanoid whole body affordance debt keeps action-critical alternatives explicit until a physical observation collapses them.
44,doi:10.1186/s40945-022-00135-4,The Stoop-Squat-Index: a simple but powerful measure for quantifying whole-body lifting behavior,2022,Archives of Physiotherapy,https://doi.org/10.1186/s40945-022-00135-4,Addresses humanoid whole-body manipulation or a neighboring robotics mechanism.,"Prior work usually predicts, ranks, filters, or imitates observed behavior rather than preserving unrealized branches.",The observed outcome is enough to supervise the model.,"Contact mode support, embodiment limits, and deployment perturbations.","Branch collapse, hidden-mode shift, and tail-risk planning failures.",Generic world models and generic uncertainty are crowded.,Humanoid whole body affordance debt keeps action-critical alternatives explicit until a physical observation collapses them.
45,doi:10.1177/02783649221120029,"Constraint-consistent task-oriented whole-body robot formulation: Task, posture, constraints, multiple contacts, and balance",2022,The International Journal of Robotics Research,https://doi.org/10.1177/02783649221120029,Addresses humanoid whole-body manipulation or a neighboring robotics mechanism.,"Prior work usually predicts, ranks, filters, or imitates observed behavior rather than preserving unrealized branches.",The observed outcome is enough to supervise the model.,"Contact mode support, embodiment limits, and deployment perturbations.","Branch collapse, hidden-mode shift, and tail-risk planning failures.",Generic world models and generic uncertainty are crowded.,Humanoid whole body affordance debt keeps action-critical alternatives explicit until a physical observation collapses them.
46,doi:10.20944/preprints201808.0430.v1,Real-Time Whole-Body Imitation by Humanoid Robots and Task-Oriented Teleoperation Using an Analytical Mapping Method and Quantitative Evaluation,,,https://doi.org/10.20944/preprints201808.0430.v1,Addresses humanoid whole-body manipulation or a neighboring robotics mechanism.,"Prior work usually predicts, ranks, filters, or imitates observed behavior rather than preserving unrealized branches.",The observed outcome is enough to supervise the model.,"Contact mode support, embodiment limits, and deployment perturbations.","Branch collapse, hidden-mode shift, and tail-risk planning failures.",Generic world models and generic uncertainty are crowded.,Humanoid whole body affordance debt keeps action-critical alternatives explicit until a physical observation collapses them.
47,arxiv:2406.06005v2,WoCoCo: Learning Whole-Body Humanoid Control with Sequential Contacts,2024,arXiv,http://arxiv.org/abs/2406.06005v2,Addresses humanoid whole-body manipulation or a neighboring robotics mechanism.,"Prior work usually predicts, ranks, filters, or imitates observed behavior rather than preserving unrealized branches.",The observed outcome is enough to supervise the model.,"Contact mode support, embodiment limits, and deployment perturbations.","Branch collapse, hidden-mode shift, and tail-risk planning failures.",Generic world models and generic uncertainty are crowded.,Humanoid whole body affordance debt keeps action-critical alternatives explicit until a physical observation collapses them.
48,arxiv:2406.08858v1,OmniH2O: Universal and Dexterous Human-to-Humanoid Whole-Body Teleoperation and Learning,2024,arXiv,http://arxiv.org/abs/2406.08858v1,Addresses humanoid whole-body manipulation or a neighboring robotics mechanism.,"Prior work usually predicts, ranks, filters, or imitates observed behavior rather than preserving unrealized branches.",The observed outcome is enough to supervise the model.,"Contact mode support, embodiment limits, and deployment perturbations.","Branch collapse, hidden-mode shift, and tail-risk planning failures.",Generic world models and generic uncertainty are crowded.,Humanoid whole body affordance debt keeps action-critical alternatives explicit until a physical observation collapses them.
49,doi:10.3390/genes12040506,"Whole-Body Regeneration in Sponges: Diversity, Fine Mechanisms, and Future Prospects",2021,Genes,https://doi.org/10.3390/genes12040506,Addresses humanoid whole-body manipulation or a neighboring robotics mechanism.,"Prior work usually predicts, ranks, filters, or imitates observed behavior rather than preserving unrealized branches.",The observed outcome is enough to supervise the model.,"Contact mode support, embodiment limits, and deployment perturbations.","Branch collapse, hidden-mode shift, and tail-risk planning failures.",Generic world models and generic uncertainty are crowded.,Humanoid whole body affordance debt keeps action-critical alternatives explicit until a physical observation collapses them.
50,doi:10.1109/humanoids.2016.7803248,Accelerating whole-body motion generation using regression of the torso posture of a humanoid robot,2016,2016 IEEE-RAS 16th International Conference on Humanoid Robots (Humanoids),https://doi.org/10.1109/humanoids.2016.7803248,Addresses humanoid whole-body manipulation or a neighboring robotics mechanism.,"Prior work usually predicts, ranks, filters, or imitates observed behavior rather than preserving unrealized branches.",The observed outcome is enough to supervise the model.,"Contact mode support, embodiment limits, and deployment perturbations.","Branch collapse, hidden-mode shift, and tail-risk planning failures.",Generic world models and generic uncertainty are crowded.,Humanoid whole body affordance debt keeps action-critical alternatives explicit until a physical observation collapses them.
51,doi:10.1109/humanoids53995.2022.10000141,A Standardized Benchmark for Humanoid Whole-Body Manipulation,2022,2022 IEEE-RAS 21st International Conference on Humanoid Robots (Humanoids),https://doi.org/10.1109/humanoids53995.2022.10000141,Addresses humanoid whole-body manipulation or a neighboring robotics mechanism.,"Prior work usually predicts, ranks, filters, or imitates observed behavior rather than preserving unrealized branches.",The observed outcome is enough to supervise the model.,"Contact mode support, embodiment limits, and deployment perturbations.","Branch collapse, hidden-mode shift, and tail-risk planning failures.",Generic world models and generic uncertainty are crowded.,Humanoid whole body affordance debt keeps action-critical alternatives explicit until a physical observation collapses them.
52,doi:10.1533/abbi.2006.0031,Pivoting a Large Object: Whole‐Body Manipulation by a Humanoid Robot,2006,Applied Bionics and Biomechanics,https://doi.org/10.1533/abbi.2006.0031,Addresses humanoid whole-body manipulation or a neighboring robotics mechanism.,"Prior work usually predicts, ranks, filters, or imitates observed behavior rather than preserving unrealized branches.",The observed outcome is enough to supervise the model.,"Contact mode support, embodiment limits, and deployment perturbations.","Branch collapse, hidden-mode shift, and tail-risk planning failures.",Generic world models and generic uncertainty are crowded.,Humanoid whole body affordance debt keeps action-critical alternatives explicit until a physical observation collapses them.
53,doi:10.1109/lra.2025.3580329,TACT: Humanoid Whole-Body Contact Manipulation Through Deep Imitation Learning With Tactile Modality,2025,IEEE Robotics and Automation Letters,https://doi.org/10.1109/lra.2025.3580329,Addresses humanoid whole-body manipulation or a neighboring robotics mechanism.,"Prior work usually predicts, ranks, filters, or imitates observed behavior rather than preserving unrealized branches.",The observed outcome is enough to supervise the model.,"Contact mode support, embodiment limits, and deployment perturbations.","Branch collapse, hidden-mode shift, and tail-risk planning failures.",Generic world models and generic uncertainty are crowded.,Humanoid whole body affordance debt keeps action-critical alternatives explicit until a physical observation collapses them.
54,arxiv:2603.09170v2,ZeroWBC: Learning Natural Whole-Body Humanoid Interaction from Human Egocentric Data,2026,arXiv,http://arxiv.org/abs/2603.09170v2,Addresses humanoid whole-body manipulation or a neighboring robotics mechanism.,"Prior work usually predicts, ranks, filters, or imitates observed behavior rather than preserving unrealized branches.",The observed outcome is enough to supervise the model.,"Contact mode support, embodiment limits, and deployment perturbations.","Branch collapse, hidden-mode shift, and tail-risk planning failures.",Generic world models and generic uncertainty are crowded.,Humanoid whole body affordance debt keeps action-critical alternatives explicit until a physical observation collapses them.
55,arxiv:2606.03536v1,Bionic Human-Motion Style Transfer for Physically Executable Whole-Body Control of Humanoid Robots,2026,arXiv,http://arxiv.org/abs/2606.03536v1,Addresses humanoid whole-body manipulation or a neighboring robotics mechanism.,"Prior work usually predicts, ranks, filters, or imitates observed behavior rather than preserving unrealized branches.",The observed outcome is enough to supervise the model.,"Contact mode support, embodiment limits, and deployment perturbations.","Branch collapse, hidden-mode shift, and tail-risk planning failures.",Generic world models and generic uncertainty are crowded.,Humanoid whole body affordance debt keeps action-critical alternatives explicit until a physical observation collapses them.
56,arxiv:2602.03205v2,HUSKY: Humanoid Skateboarding System via Physics-Aware Whole-Body Control,2026,arXiv,http://arxiv.org/abs/2602.03205v2,Addresses humanoid whole-body manipulation or a neighboring robotics mechanism.,"Prior work usually predicts, ranks, filters, or imitates observed behavior rather than preserving unrealized branches.",The observed outcome is enough to supervise the model.,"Contact mode support, embodiment limits, and deployment perturbations.","Branch collapse, hidden-mode shift, and tail-risk planning failures.",Generic world models and generic uncertainty are crowded.,Humanoid whole body affordance debt keeps action-critical alternatives explicit until a physical observation collapses them.
57,arxiv:2602.09628v2,TeleGate: Whole-Body Humanoid Teleoperation via Gated Expert Selection with Motion Prior,2026,arXiv,http://arxiv.org/abs/2602.09628v2,Addresses humanoid whole-body manipulation or a neighboring robotics mechanism.,"Prior work usually predicts, ranks, filters, or imitates observed behavior rather than preserving unrealized branches.",The observed outcome is enough to supervise the model.,"Contact mode support, embodiment limits, and deployment perturbations.","Branch collapse, hidden-mode shift, and tail-risk planning failures.",Generic world models and generic uncertainty are crowded.,Humanoid whole body affordance debt keeps action-critical alternatives explicit until a physical observation collapses them.
58,arxiv:2511.11218v3,Humanoid Whole-Body Badminton via Multi-Stage Reinforcement Learning,2025,arXiv,http://arxiv.org/abs/2511.11218v3,Addresses humanoid whole-body manipulation or a neighboring robotics mechanism.,"Prior work usually predicts, ranks, filters, or imitates observed behavior rather than preserving unrealized branches.",The observed outcome is enough to supervise the model.,"Contact mode support, embodiment limits, and deployment perturbations.","Branch collapse, hidden-mode shift, and tail-risk planning failures.",Generic world models and generic uncertainty are crowded.,Humanoid whole body affordance debt keeps action-critical alternatives explicit until a physical observation collapses them.
59,doi:10.1155/2006/683746,Pivoting a Large Object: Whole-Body Manipulation by a Humanoid Robot,2006,Applied Bionics and Biomechanics,https://doi.org/10.1155/2006/683746,Addresses humanoid whole-body manipulation or a neighboring robotics mechanism.,"Prior work usually predicts, ranks, filters, or imitates observed behavior rather than preserving unrealized branches.",The observed outcome is enough to supervise the model.,"Contact mode support, embodiment limits, and deployment perturbations.","Branch collapse, hidden-mode shift, and tail-risk planning failures.",Generic world models and generic uncertainty are crowded.,Humanoid whole body affordance debt keeps action-critical alternatives explicit until a physical observation collapses them.
60,doi:10.5302/j.icros.2008.14.10.1029,Optimization of Whole Body Cooperative Posture for an 18-DOF Humanoid Robot Using a Genetic Algorithm,2008,"Journal of Institute of Control, Robotics and Systems",https://doi.org/10.5302/j.icros.2008.14.10.1029,Addresses humanoid whole-body manipulation or a neighboring robotics mechanism.,"Prior work usually predicts, ranks, filters, or imitates observed behavior rather than preserving unrealized branches.",The observed outcome is enough to supervise the model.,"Contact mode support, embodiment limits, and deployment perturbations.","Branch collapse, hidden-mode shift, and tail-risk planning failures.",Generic world models and generic uncertainty are crowded.,Humanoid whole body affordance debt keeps action-critical alternatives explicit until a physical observation collapses them.
61,doi:10.1177/02783649241276886,Generalizable whole-body global manipulation of deformable linear objects by dual-arm robot in 3-D constrained environments,2025,The International Journal of Robotics Research,https://doi.org/10.1177/02783649241276886,Addresses humanoid whole-body manipulation or a neighboring robotics mechanism.,"Prior work usually predicts, ranks, filters, or imitates observed behavior rather than preserving unrealized branches.",The observed outcome is enough to supervise the model.,"Contact mode support, embodiment limits, and deployment perturbations.","Branch collapse, hidden-mode shift, and tail-risk planning failures.",Generic world models and generic uncertainty are crowded.,Humanoid whole body affordance debt keeps action-critical alternatives explicit until a physical observation collapses them.
62,doi:10.1299/jsmermd.2017.1a1-p08,Rapid whole-body motion generation using regression of the torso posture of a humanoid robot,2017,The Proceedings of JSME annual Conference on Robotics and Mechatronics (Robomec),https://doi.org/10.1299/jsmermd.2017.1a1-p08,Addresses humanoid whole-body manipulation or a neighboring robotics mechanism.,"Prior work usually predicts, ranks, filters, or imitates observed behavior rather than preserving unrealized branches.",The observed outcome is enough to supervise the model.,"Contact mode support, embodiment limits, and deployment perturbations.","Branch collapse, hidden-mode shift, and tail-risk planning failures.",Generic world models and generic uncertainty are crowded.,Humanoid whole body affordance debt keeps action-critical alternatives explicit until a physical observation collapses them.
63,doi:10.3390/app15115828,Whole-Body Motion Generation for Balancing of Biped Robot,2025,Applied Sciences,https://doi.org/10.3390/app15115828,Addresses humanoid whole-body manipulation or a neighboring robotics mechanism.,"Prior work usually predicts, ranks, filters, or imitates observed behavior rather than preserving unrealized branches.",The observed outcome is enough to supervise the model.,"Contact mode support, embodiment limits, and deployment perturbations.","Branch collapse, hidden-mode shift, and tail-risk planning failures.",Generic world models and generic uncertainty are crowded.,Humanoid whole body affordance debt keeps action-critical alternatives explicit until a physical observation collapses them.
64,doi:10.3390/electronics14234714,Gait Generation and Motion Implementation of Humanoid Robots Based on Hierarchical Whole-Body Control,2025,Electronics,https://doi.org/10.3390/electronics14234714,Addresses humanoid whole-body manipulation or a neighboring robotics mechanism.,"Prior work usually predicts, ranks, filters, or imitates observed behavior rather than preserving unrealized branches.",The observed outcome is enough to supervise the model.,"Contact mode support, embodiment limits, and deployment perturbations.","Branch collapse, hidden-mode shift, and tail-risk planning failures.",Generic world models and generic uncertainty are crowded.,Humanoid whole body affordance debt keeps action-critical alternatives explicit until a physical observation collapses them.
65,doi:10.3390/jcm14103287,"Effects of Whole-Body and Lower-Body Cold-Water Immersion on Exercise-Induced Pain Score, Muscle Damage Indices, and Maximal Voluntary Isometric Contractions",2025,Journal of Clinical Medicine,https://doi.org/10.3390/jcm14103287,Addresses humanoid whole-body manipulation or a neighboring robotics mechanism.,"Prior work usually predicts, ranks, filters, or imitates observed behavior rather than preserving unrealized branches.",The observed outcome is enough to supervise the model.,"Contact mode support, embodiment limits, and deployment perturbations.","Branch collapse, hidden-mode shift, and tail-risk planning failures.",Generic world models and generic uncertainty are crowded.,Humanoid whole body affordance debt keeps action-critical alternatives explicit until a physical observation collapses them.
66,doi:10.1016/j.ifacol.2025.11.541,Hierarchical Policy Learning for Humanoid Robots Whole-Body Dexterous Manipulation,2025,IFAC-PapersOnLine,https://doi.org/10.1016/j.ifacol.2025.11.541,Addresses humanoid whole-body manipulation or a neighboring robotics mechanism.,"Prior work usually predicts, ranks, filters, or imitates observed behavior rather than preserving unrealized branches.",The observed outcome is enough to supervise the model.,"Contact mode support, embodiment limits, and deployment perturbations.","Branch collapse, hidden-mode shift, and tail-risk planning failures.",Generic world models and generic uncertainty are crowded.,Humanoid whole body affordance debt keeps action-critical alternatives explicit until a physical observation collapses them.
67,arxiv:2505.02833v1,TWIST: Teleoperated Whole-Body Imitation System,2025,arXiv,http://arxiv.org/abs/2505.02833v1,Addresses humanoid whole-body manipulation or a neighboring robotics mechanism.,"Prior work usually predicts, ranks, filters, or imitates observed behavior rather than preserving unrealized branches.",The observed outcome is enough to supervise the model.,"Contact mode support, embodiment limits, and deployment perturbations.","Branch collapse, hidden-mode shift, and tail-risk planning failures.",Generic world models and generic uncertainty are crowded.,Humanoid whole body affordance debt keeps action-critical alternatives explicit until a physical observation collapses them.
68,arxiv:2511.19236v1,SENTINEL: A Fully End-to-End Language-Action Model for Humanoid Whole Body Control,2025,arXiv,http://arxiv.org/abs/2511.19236v1,Addresses humanoid whole-body manipulation or a neighboring robotics mechanism.,"Prior work usually predicts, ranks, filters, or imitates observed behavior rather than preserving unrealized branches.",The observed outcome is enough to supervise the model.,"Contact mode support, embodiment limits, and deployment perturbations.","Branch collapse, hidden-mode shift, and tail-risk planning failures.",Generic world models and generic uncertainty are crowded.,Humanoid whole body affordance debt keeps action-critical alternatives explicit until a physical observation collapses them.
69,arxiv:2509.16757v3,HDMI: Learning Interactive Humanoid Whole-Body Control from Human Videos,2025,arXiv,http://arxiv.org/abs/2509.16757v3,Addresses humanoid whole-body manipulation or a neighboring robotics mechanism.,"Prior work usually predicts, ranks, filters, or imitates observed behavior rather than preserving unrealized branches.",The observed outcome is enough to supervise the model.,"Contact mode support, embodiment limits, and deployment perturbations.","Branch collapse, hidden-mode shift, and tail-risk planning failures.",Generic world models and generic uncertainty are crowded.,Humanoid whole body affordance debt keeps action-critical alternatives explicit until a physical observation collapses them.
70,arxiv:2604.17335v1,Learning Whole-Body Humanoid Locomotion via Motion Generation and Motion Tracking,2026,arXiv,http://arxiv.org/abs/2604.17335v1,Addresses humanoid whole-body manipulation or a neighboring robotics mechanism.,"Prior work usually predicts, ranks, filters, or imitates observed behavior rather than preserving unrealized branches.",The observed outcome is enough to supervise the model.,"Contact mode support, embodiment limits, and deployment perturbations.","Branch collapse, hidden-mode shift, and tail-risk planning failures.",Generic world models and generic uncertainty are crowded.,Humanoid whole body affordance debt keeps action-critical alternatives explicit until a physical observation collapses them.
71,arxiv:2604.01158v1,SMASH: Mastering Scalable Whole-Body Skills for Humanoid Ping-Pong with Egocentric Vision,2026,arXiv,http://arxiv.org/abs/2604.01158v1,Addresses humanoid whole-body manipulation or a neighboring robotics mechanism.,"Prior work usually predicts, ranks, filters, or imitates observed behavior rather than preserving unrealized branches.",The observed outcome is enough to supervise the model.,"Contact mode support, embodiment limits, and deployment perturbations.","Branch collapse, hidden-mode shift, and tail-risk planning failures.",Generic world models and generic uncertainty are crowded.,Humanoid whole body affordance debt keeps action-critical alternatives explicit until a physical observation collapses them.
72,arxiv:2601.12799v1,FRoM-W1: Towards General Humanoid Whole-Body Control with Language Instructions,2026,arXiv,http://arxiv.org/abs/2601.12799v1,Addresses humanoid whole-body manipulation or a neighboring robotics mechanism.,"Prior work usually predicts, ranks, filters, or imitates observed behavior rather than preserving unrealized branches.",The observed outcome is enough to supervise the model.,"Contact mode support, embodiment limits, and deployment perturbations.","Branch collapse, hidden-mode shift, and tail-risk planning failures.",Generic world models and generic uncertainty are crowded.,Humanoid whole body affordance debt keeps action-critical alternatives explicit until a physical observation collapses them.
73,arxiv:2509.16638v1,KungfuBot2: Learning Versatile Motion Skills for Humanoid Whole-Body Control,2025,arXiv,http://arxiv.org/abs/2509.16638v1,Addresses humanoid whole-body manipulation or a neighboring robotics mechanism.,"Prior work usually predicts, ranks, filters, or imitates observed behavior rather than preserving unrealized branches.",The observed outcome is enough to supervise the model.,"Contact mode support, embodiment limits, and deployment perturbations.","Branch collapse, hidden-mode shift, and tail-risk planning failures.",Generic world models and generic uncertainty are crowded.,Humanoid whole body affordance debt keeps action-critical alternatives explicit until a physical observation collapses them.
74,arxiv:2602.05791v3,Scalable and General Whole-Body Control for Cross-Humanoid Locomotion,2026,arXiv,http://arxiv.org/abs/2602.05791v3,Addresses humanoid whole-body manipulation or a neighboring robotics mechanism.,"Prior work usually predicts, ranks, filters, or imitates observed behavior rather than preserving unrealized branches.",The observed outcome is enough to supervise the model.,"Contact mode support, embodiment limits, and deployment perturbations.","Branch collapse, hidden-mode shift, and tail-risk planning failures.",Generic world models and generic uncertainty are crowded.,Humanoid whole body affordance debt keeps action-critical alternatives explicit until a physical observation collapses them.
75,arxiv:2505.03738v1,AMO: Adaptive Motion Optimization for Hyper-Dexterous Humanoid Whole-Body Control,2025,arXiv,http://arxiv.org/abs/2505.03738v1,Addresses humanoid whole-body manipulation or a neighboring robotics mechanism.,"Prior work usually predicts, ranks, filters, or imitates observed behavior rather than preserving unrealized branches.",The observed outcome is enough to supervise the model.,"Contact mode support, embodiment limits, and deployment perturbations.","Branch collapse, hidden-mode shift, and tail-risk planning failures.",Generic world models and generic uncertainty are crowded.,Humanoid whole body affordance debt keeps action-critical alternatives explicit until a physical observation collapses them.
76,arxiv:2602.13850v3,Humanoid Hanoi: Investigating Shared Whole-Body Control for Skill-Based Box Rearrangement,2026,arXiv,http://arxiv.org/abs/2602.13850v3,Addresses humanoid whole-body manipulation or a neighboring robotics mechanism.,"Prior work usually predicts, ranks, filters, or imitates observed behavior rather than preserving unrealized branches.",The observed outcome is enough to supervise the model.,"Contact mode support, embodiment limits, and deployment perturbations.","Branch collapse, hidden-mode shift, and tail-risk planning failures.",Generic world models and generic uncertainty are crowded.,Humanoid whole body affordance debt keeps action-critical alternatives explicit until a physical observation collapses them.
77,arxiv:2604.08508v2,Sumo: Dynamic and Generalizable Whole-Body Loco-Manipulation,2026,arXiv,http://arxiv.org/abs/2604.08508v2,Addresses humanoid whole-body manipulation or a neighboring robotics mechanism.,"Prior work usually predicts, ranks, filters, or imitates observed behavior rather than preserving unrealized branches.",The observed outcome is enough to supervise the model.,"Contact mode support, embodiment limits, and deployment perturbations.","Branch collapse, hidden-mode shift, and tail-risk planning failures.",Generic world models and generic uncertainty are crowded.,Humanoid whole body affordance debt keeps action-critical alternatives explicit until a physical observation collapses them.
78,doi:10.3390/sports10090138,Sex Difference in Running Stability Analyzed Based on a Whole-Body Movement: A Pilot Study,2022,Sports,https://doi.org/10.3390/sports10090138,Addresses humanoid whole-body manipulation or a neighboring robotics mechanism.,"Prior work usually predicts, ranks, filters, or imitates observed behavior rather than preserving unrealized branches.",The observed outcome is enough to supervise the model.,"Contact mode support, embodiment limits, and deployment perturbations.","Branch collapse, hidden-mode shift, and tail-risk planning failures.",Generic world models and generic uncertainty are crowded.,Humanoid whole body affordance debt keeps action-critical alternatives explicit until a physical observation collapses them.
79,doi:10.1126/scirobotics.ads6790,Learning contact-rich whole-body manipulation with example-guided reinforcement learning,2025,Science Robotics,https://doi.org/10.1126/scirobotics.ads6790,Addresses humanoid whole-body manipulation or a neighboring robotics mechanism.,"Prior work usually predicts, ranks, filters, or imitates observed behavior rather than preserving unrealized branches.",The observed outcome is enough to supervise the model.,"Contact mode support, embodiment limits, and deployment perturbations.","Branch collapse, hidden-mode shift, and tail-risk planning failures.",Generic world models and generic uncertainty are crowded.,Humanoid whole body affordance debt keeps action-critical alternatives explicit until a physical observation collapses them.
80,doi:10.1007/978-1-84996-220-9_4,"Planning Whole-body Humanoid Locomotion, Reaching, and Manipulation",2010,Motion Planning for Humanoid Robots,https://doi.org/10.1007/978-1-84996-220-9_4,Addresses humanoid whole-body manipulation or a neighboring robotics mechanism.,"Prior work usually predicts, ranks, filters, or imitates observed behavior rather than preserving unrealized branches.",The observed outcome is enough to supervise the model.,"Contact mode support, embodiment limits, and deployment perturbations.","Branch collapse, hidden-mode shift, and tail-risk planning failures.",Generic world models and generic uncertainty are crowded.,Humanoid whole body affordance debt keeps action-critical alternatives explicit until a physical observation collapses them.
81,doi:10.2174/1574886311207040269,Lamotrigine Induced Whole Body Tics: A Case Report and Literature Review,2016,Current Drug Safety,https://doi.org/10.2174/1574886311207040269,Addresses humanoid whole-body manipulation or a neighboring robotics mechanism.,"Prior work usually predicts, ranks, filters, or imitates observed behavior rather than preserving unrealized branches.",The observed outcome is enough to supervise the model.,"Contact mode support, embodiment limits, and deployment perturbations.","Branch collapse, hidden-mode shift, and tail-risk planning failures.",Generic world models and generic uncertainty are crowded.,Humanoid whole body affordance debt keeps action-critical alternatives explicit until a physical observation collapses them.
82,doi:10.33549/physiolres.934569,Preconditioning With Whole-Body or Regional Hyperthermia Attenuates Exercise-Induced Muscle Damage in Rodents,2022,Physiological Research,https://doi.org/10.33549/physiolres.934569,Addresses humanoid whole-body manipulation or a neighboring robotics mechanism.,"Prior work usually predicts, ranks, filters, or imitates observed behavior rather than preserving unrealized branches.",The observed outcome is enough to supervise the model.,"Contact mode support, embodiment limits, and deployment perturbations.","Branch collapse, hidden-mode shift, and tail-risk planning failures.",Generic world models and generic uncertainty are crowded.,Humanoid whole body affordance debt keeps action-critical alternatives explicit until a physical observation collapses them.
83,doi:10.1142/s0219843615500310,Extraction of Whole-Body Affordances for Loco-Manipulation Tasks,2015,International Journal of Humanoid Robotics,https://doi.org/10.1142/s0219843615500310,Addresses humanoid whole-body manipulation or a neighboring robotics mechanism.,"Prior work usually predicts, ranks, filters, or imitates observed behavior rather than preserving unrealized branches.",The observed outcome is enough to supervise the model.,"Contact mode support, embodiment limits, and deployment perturbations.","Branch collapse, hidden-mode shift, and tail-risk planning failures.",Generic world models and generic uncertainty are crowded.,Humanoid whole body affordance debt keeps action-critical alternatives explicit until a physical observation collapses them.
84,doi:10.3390/s25020435,Squat Motion of a Humanoid Robot Using Three-Particle Model Predictive Control and Whole-Body Control,2025,Sensors,https://doi.org/10.3390/s25020435,Addresses humanoid whole-body manipulation or a neighboring robotics mechanism.,"Prior work usually predicts, ranks, filters, or imitates observed behavior rather than preserving unrealized branches.",The observed outcome is enough to supervise the model.,"Contact mode support, embodiment limits, and deployment perturbations.","Branch collapse, hidden-mode shift, and tail-risk planning failures.",Generic world models and generic uncertainty are crowded.,Humanoid whole body affordance debt keeps action-critical alternatives explicit until a physical observation collapses them.
85,arxiv:2412.13196v2,ExBody2: Advanced Expressive Humanoid Whole-Body Control,2024,arXiv,http://arxiv.org/abs/2412.13196v2,Addresses humanoid whole-body manipulation or a neighboring robotics mechanism.,"Prior work usually predicts, ranks, filters, or imitates observed behavior rather than preserving unrealized branches.",The observed outcome is enough to supervise the model.,"Contact mode support, embodiment limits, and deployment perturbations.","Branch collapse, hidden-mode shift, and tail-risk planning failures.",Generic world models and generic uncertainty are crowded.,Humanoid whole body affordance debt keeps action-critical alternatives explicit until a physical observation collapses them.
86,doi:10.1115/1.4070890,Gravity-Compensated Model Predictive Control and Whole-Body Optimization for Humanoid Locomotion,2026,Journal of Mechanisms and Robotics,https://doi.org/10.1115/1.4070890,Addresses humanoid whole-body manipulation or a neighboring robotics mechanism.,"Prior work usually predicts, ranks, filters, or imitates observed behavior rather than preserving unrealized branches.",The observed outcome is enough to supervise the model.,"Contact mode support, embodiment limits, and deployment perturbations.","Branch collapse, hidden-mode shift, and tail-risk planning failures.",Generic world models and generic uncertainty are crowded.,Humanoid whole body affordance debt keeps action-critical alternatives explicit until a physical observation collapses them.
87,doi:10.1109/iros.2011.6094445,Dynamic whole-body mobile manipulation with a torque controlled humanoid robot via impedance control laws,2011,2011 IEEE/RSJ International Conference on Intelligent Robots and Systems,https://doi.org/10.1109/iros.2011.6094445,Addresses humanoid whole-body manipulation or a neighboring robotics mechanism.,"Prior work usually predicts, ranks, filters, or imitates observed behavior rather than preserving unrealized branches.",The observed outcome is enough to supervise the model.,"Contact mode support, embodiment limits, and deployment perturbations.","Branch collapse, hidden-mode shift, and tail-risk planning failures.",Generic world models and generic uncertainty are crowded.,Humanoid whole body affordance debt keeps action-critical alternatives explicit until a physical observation collapses them.
88,doi:10.1049/icp.2026.1882,Vision-language guided planning and control for humanoid whole-body manipulation,2026,IET Conference Proceedings,https://doi.org/10.1049/icp.2026.1882,Addresses humanoid whole-body manipulation or a neighboring robotics mechanism.,"Prior work usually predicts, ranks, filters, or imitates observed behavior rather than preserving unrealized branches.",The observed outcome is enough to supervise the model.,"Contact mode support, embodiment limits, and deployment perturbations.","Branch collapse, hidden-mode shift, and tail-risk planning failures.",Generic world models and generic uncertainty are crowded.,Humanoid whole body affordance debt keeps action-critical alternatives explicit until a physical observation collapses them.
89,doi:10.1299/jsmermd.2013._2p1-b03_1,2P1-B03 Whole-body Climbing Motion Generation based on Body Retention Load Index and Decoupling of Physical/Geometrical Posture State Search(Humanoid),2013,The Proceedings of JSME annual Conference on Robotics and Mechatronics (Robomec),https://doi.org/10.1299/jsmermd.2013._2p1-b03_1,Addresses humanoid whole-body manipulation or a neighboring robotics mechanism.,"Prior work usually predicts, ranks, filters, or imitates observed behavior rather than preserving unrealized branches.",The observed outcome is enough to supervise the model.,"Contact mode support, embodiment limits, and deployment perturbations.","Branch collapse, hidden-mode shift, and tail-risk planning failures.",Generic world models and generic uncertainty are crowded.,Humanoid whole body affordance debt keeps action-critical alternatives explicit until a physical observation collapses them.
90,doi:10.63020/pa.2025.3.1.34,"Ecological Applications of Whole-Body Cryotherapy in Sport: Benefits, Limitations, and Future Directions",2025,Asian Society of Kinesiology,https://doi.org/10.63020/pa.2025.3.1.34,Addresses humanoid whole-body manipulation or a neighboring robotics mechanism.,"Prior work usually predicts, ranks, filters, or imitates observed behavior rather than preserving unrealized branches.",The observed outcome is enough to supervise the model.,"Contact mode support, embodiment limits, and deployment perturbations.","Branch collapse, hidden-mode shift, and tail-risk planning failures.",Generic world models and generic uncertainty are crowded.,Humanoid whole body affordance debt keeps action-critical alternatives explicit until a physical observation collapses them.
91,doi:10.3390/biomimetics8060460,Whole-Body Dynamics-Based Aerial Fall Trajectory Optimization and Landing Control for Humanoid Robot,2023,Biomimetics,https://doi.org/10.3390/biomimetics8060460,Addresses humanoid whole-body manipulation or a neighboring robotics mechanism.,"Prior work usually predicts, ranks, filters, or imitates observed behavior rather than preserving unrealized branches.",The observed outcome is enough to supervise the model.,"Contact mode support, embodiment limits, and deployment perturbations.","Branch collapse, hidden-mode shift, and tail-risk planning failures.",Generic world models and generic uncertainty are crowded.,Humanoid whole body affordance debt keeps action-critical alternatives explicit until a physical observation collapses them.
92,doi:10.3390/fluids8090252,Influence of Body Heat Loss on Temperature and Velocity Fields in a Whole-Body Cryotherapy Chamber,2023,Fluids,https://doi.org/10.3390/fluids8090252,Addresses humanoid whole-body manipulation or a neighboring robotics mechanism.,"Prior work usually predicts, ranks, filters, or imitates observed behavior rather than preserving unrealized branches.",The observed outcome is enough to supervise the model.,"Contact mode support, embodiment limits, and deployment perturbations.","Branch collapse, hidden-mode shift, and tail-risk planning failures.",Generic world models and generic uncertainty are crowded.,Humanoid whole body affordance debt keeps action-critical alternatives explicit until a physical observation collapses them.
93,doi:10.3390/s21082827,The Effect of Different Turn Speeds on Whole-Body Coordination in Younger and Older Healthy Adults,2021,Sensors,https://doi.org/10.3390/s21082827,Addresses humanoid whole-body manipulation or a neighboring robotics mechanism.,"Prior work usually predicts, ranks, filters, or imitates observed behavior rather than preserving unrealized branches.",The observed outcome is enough to supervise the model.,"Contact mode support, embodiment limits, and deployment perturbations.","Branch collapse, hidden-mode shift, and tail-risk planning failures.",Generic world models and generic uncertainty are crowded.,Humanoid whole body affordance debt keeps action-critical alternatives explicit until a physical observation collapses them.
94,doi:10.3390/s22197542,Assessing Walking Stability Based on Whole-Body Movement Derived from a Depth-Sensing Camera,2022,Sensors,https://doi.org/10.3390/s22197542,Addresses humanoid whole-body manipulation or a neighboring robotics mechanism.,"Prior work usually predicts, ranks, filters, or imitates observed behavior rather than preserving unrealized branches.",The observed outcome is enough to supervise the model.,"Contact mode support, embodiment limits, and deployment perturbations.","Branch collapse, hidden-mode shift, and tail-risk planning failures.",Generic world models and generic uncertainty are crowded.,Humanoid whole body affordance debt keeps action-critical alternatives explicit until a physical observation collapses them.
95,doi:10.1109/humanoids53995.2022.10000091,Development of Amphibious Humanoid Platform for Sensor-based Behavior Acquisition of Whole-body Manipulation Tasks,2022,2022 IEEE-RAS 21st International Conference on Humanoid Robots (Humanoids),https://doi.org/10.1109/humanoids53995.2022.10000091,Addresses humanoid whole-body manipulation or a neighboring robotics mechanism.,"Prior work usually predicts, ranks, filters, or imitates observed behavior rather than preserving unrealized branches.",The observed outcome is enough to supervise the model.,"Contact mode support, embodiment limits, and deployment perturbations.","Branch collapse, hidden-mode shift, and tail-risk planning failures.",Generic world models and generic uncertainty are crowded.,Humanoid whole body affordance debt keeps action-critical alternatives explicit until a physical observation collapses them.
96,doi:10.1109/humanoids.2017.8246911,Adaptive whole-body manipulation in human-to-humanoid multi-contact motion retargeting,2017,2017 IEEE-RAS 17th International Conference on Humanoid Robotics (Humanoids),https://doi.org/10.1109/humanoids.2017.8246911,Addresses humanoid whole-body manipulation or a neighboring robotics mechanism.,"Prior work usually predicts, ranks, filters, or imitates observed behavior rather than preserving unrealized branches.",The observed outcome is enough to supervise the model.,"Contact mode support, embodiment limits, and deployment perturbations.","Branch collapse, hidden-mode shift, and tail-risk planning failures.",Generic world models and generic uncertainty are crowded.,Humanoid whole body affordance debt keeps action-critical alternatives explicit until a physical observation collapses them.
97,doi:10.1109/icra.2017.7989550,Humanoid whole-body planning for loco-manipulation tasks,2017,2017 IEEE International Conference on Robotics and Automation (ICRA),https://doi.org/10.1109/icra.2017.7989550,Addresses humanoid whole-body manipulation or a neighboring robotics mechanism.,"Prior work usually predicts, ranks, filters, or imitates observed behavior rather than preserving unrealized branches.",The observed outcome is enough to supervise the model.,"Contact mode support, embodiment limits, and deployment perturbations.","Branch collapse, hidden-mode shift, and tail-risk planning failures.",Generic world models and generic uncertainty are crowded.,Humanoid whole body affordance debt keeps action-critical alternatives explicit until a physical observation collapses them.
98,doi:10.1080/01691864.2016.1266965,Global planning of whole-body manipulation by humanoid robot based on transition graph of object motion and contact switching,2017,Advanced Robotics,https://doi.org/10.1080/01691864.2016.1266965,Addresses humanoid whole-body manipulation or a neighboring robotics mechanism.,"Prior work usually predicts, ranks, filters, or imitates observed behavior rather than preserving unrealized branches.",The observed outcome is enough to supervise the model.,"Contact mode support, embodiment limits, and deployment perturbations.","Branch collapse, hidden-mode shift, and tail-risk planning failures.",Generic world models and generic uncertainty are crowded.,Humanoid whole body affordance debt keeps action-critical alternatives explicit until a physical observation collapses them.
99,doi:10.15607/rss.2025.xxi.066,ASAP: Aligning Simulation and Real-World Physics for Learning Agile Humanoid Whole-Body Skills,2025,Robotics: Science and Systems XXI,https://doi.org/10.15607/rss.2025.xxi.066,Addresses humanoid whole-body manipulation or a neighboring robotics mechanism.,"Prior work usually predicts, ranks, filters, or imitates observed behavior rather than preserving unrealized branches.",The observed outcome is enough to supervise the model.,"Contact mode support, embodiment limits, and deployment perturbations.","Branch collapse, hidden-mode shift, and tail-risk planning failures.",Generic world models and generic uncertainty are crowded.,Humanoid whole body affordance debt keeps action-critical alternatives explicit until a physical observation collapses them.
100,doi:10.1109/ur61395.2024.10597520,Mixed Reality Interface for Whole-Body Balancing and Manipulation of Humanoid Robot,2024,2024 21st International Conference on Ubiquitous Robots (UR),https://doi.org/10.1109/ur61395.2024.10597520,Addresses humanoid whole-body manipulation or a neighboring robotics mechanism.,"Prior work usually predicts, ranks, filters, or imitates observed behavior rather than preserving unrealized branches.",The observed outcome is enough to supervise the model.,"Contact mode support, embodiment limits, and deployment perturbations.","Branch collapse, hidden-mode shift, and tail-risk planning failures.",Generic world models and generic uncertainty are crowded.,Humanoid whole body affordance debt keeps action-critical alternatives explicit until a physical observation collapses them.
